,F Value,Num DF,Den DF,Pr > F
type,7.573964497041418,1.0,10.0,0.02040514503570403
