,F Value,Num DF,Den DF,Pr > F
type,1.702127659574476,1.0,10.0,0.221235046637597
