,F Value,Num DF,Den DF,Pr > F
type,2.406015037593986,1.0,10.0,0.15191566660781056
