,F Value,Num DF,Den DF,Pr > F
type,1.0000000000000004,1.0,10.0,0.34089313230205964
