,F Value,Num DF,Den DF,Pr > F
type,26.666666666666657,1.0,10.0,0.0004227811936060192
