,F Value,Num DF,Den DF,Pr > F
type,6.784037558685443,1.0,10.0,0.026282382842023132
