,F Value,Num DF,Den DF,Pr > F
type,11.000000000000004,1.0,10.0,0.007791710211973711
