,F Value,Num DF,Den DF,Pr > F
type,14.61325966850829,1.0,10.0,0.0033585383206076055
