,F Value,Num DF,Den DF,Pr > F
type,0.9999999999999905,1.0,3.0,0.39100221895577275
