,F Value,Num DF,Den DF,Pr > F
type,2.6229508196721305,1.0,10.0,0.13639712771077656
