,F Value,Num DF,Den DF,Pr > F
type,3.750000000000001,1.0,10.0,0.08155339870160569
