,F Value,Num DF,Den DF,Pr > F
type,7.111111111111119,1.0,10.0,0.023627353197644654
