,F Value,Num DF,Den DF,Pr > F
type,7.8571428571428585,1.0,10.0,0.01869616078843673
