,F Value,Num DF,Den DF,Pr > F
type,7.111111111111108,1.0,10.0,0.02362735319764473
