,F Value,Num DF,Den DF,Pr > F
type,2.6666666666666643,1.0,3.0,0.20097622619892233
