,F Value,Num DF,Den DF,Pr > F
type,2.454545454545453,1.0,3.0,0.21516994256955027
