,F Value,Num DF,Den DF,Pr > F
type,9.800000000000002,1.0,10.0,0.010681489655827506
