,F Value,Num DF,Den DF,Pr > F
type,0.27272727272727376,1.0,3.0,0.6376180914006011
