,F Value,Num DF,Den DF,Pr > F
type,8.999999999999986,1.0,3.0,0.05766888562243741
