,F Value,Num DF,Den DF,Pr > F
type,2.076923076923075,1.0,3.0,0.24519388179494792
