,F Value,Num DF,Den DF,Pr > F
type,8.333333333333334,1.0,3.0,0.06318007496544606
