,F Value,Num DF,Den DF,Pr > F
type,2.2222222222222228,1.0,10.0,0.16688959581639695
