,F Value,Num DF,Den DF,Pr > F
type,1.7021276595744663,1.0,10.0,0.22123504663759816
