,F Value,Num DF,Den DF,Pr > F
type,0.2727272727272759,1.0,3.0,0.6376180914005996
