,F Value,Num DF,Den DF,Pr > F
type,2.4545454545454546,1.0,3.0,0.21516994256955013
