,F Value,Num DF,Den DF,Pr > F
type,3.947368421052636,1.0,3.0,0.1411219397140343
