,F Value,Num DF,Den DF,Pr > F
type,0.15789473684210528,1.0,3.0,0.7176856442107855
