,F Value,Num DF,Den DF,Pr > F
type,0.9999999999999953,1.0,3.0,0.39100221895577164
