,F Value,Num DF,Den DF,Pr > F
type,2.000000000000003,1.0,3.0,0.25221549635550417
