,F Value,Num DF,Den DF,Pr > F
type,2.535301200456459e+30,1.0,1.0,3.9982076145732854e-16
