,F Value,Num DF,Den DF,Pr > F
type,9.000000000000014,1.0,3.0,0.0576688856224372
