,F Value,Num DF,Den DF,Pr > F
type,0.6000000000000006,1.0,3.0,0.49502534605971094
