,F Value,Num DF,Den DF,Pr > F
type,2.7777777777777777,1.0,3.0,0.19417134561205865
