,F Value,Num DF,Den DF,Pr > F
type,25.000000000000025,1.0,3.0,0.01539243807330229
