,F Value,Num DF,Den DF,Pr > F
type,2.9999999999999893,1.0,3.0,0.18169011381620992
