,F Value,Num DF,Den DF,Pr > F
type,1.3322676295501884e-15,1.0,3.0,0.9999999731684829
