,F Value,Num DF,Den DF,Pr > F
type,3.0000000000000027,1.0,3.0,0.18169011381620923
