,F Value,Num DF,Den DF,Pr > F
type,1.0000000000000049,1.0,3.0,0.39100221895576953
