,F Value,Num DF,Den DF,Pr > F
type,0.1111111111111111,1.0,1.0,0.7951672353008661
