,F Value,Num DF,Den DF,Pr > F
type,1.4210526315789482,1.0,3.0,0.31893179191277554
