,F Value,Num DF,Den DF,Pr > F
type,0.5294117647058814,1.0,3.0,0.519497961865449
