,F Value,Num DF,Den DF,Pr > F
type,16.815920398009954,1.0,10.0,0.002142102618406979
