,F Value,Num DF,Den DF,Pr > F
type,2.0663265306122436,1.0,10.0,0.18112901185668545
