,F Value,Num DF,Den DF,Pr > F
type,2.664473684210526,1.0,10.0,0.1336621364521711
