,F Value,Num DF,Den DF,Pr > F
type,12.000000000000002,1.0,10.0,0.006080847927088537
