,F Value,Num DF,Den DF,Pr > F
type,0.23255813953488233,1.0,10.0,0.6400146645525322
