,F Value,Num DF,Den DF,Pr > F
type,0.7843137254901974,1.0,10.0,0.3966214151194761
