,F Value,Num DF,Den DF,Pr > F
type,6.2608695652173925,1.0,10.0,0.031329985224237224
